{
    "cow": {
        "total": [
            1177491.0,
            1009275.0,
            2147189.0
        ],
        "count": 8400,
        "mean": [
            140.17750549316406,
            120.15178680419922,
            255.61773681640625
        ]
    }
}